{"V_sum": {"bins": [-1.0, 0.1585833082800547, 0.282186212, 0.3141815885384313, 0.350107897, 0.3758415939151223, 0.3866668788582368, 0.4040988573455262, 0.416228394, 0.4333343094915241, 0.439871867, 0.46011933, 0.4733058873568097, 0.476682586, 0.4844120533078153, 0.504498183, 0.5094265607468408, 0.518873883, 0.52357512984135, 0.53277762, 0.5372065755135749, 0.5452865, 0.5585574656747393, 0.5692030886881041, 0.586805043178361, 0.597224015, 0.6146763083160676, 0.6262215217313621, 0.6480030301377606, 0.6678827908032459, 0.6759527913849349, 0.6981270285757228, 0.754384058, 0.7994636150745048, 1.0], "rate": [0.8823529411764706, 1.0, 0.5909090909090909, 0.875, 0.4583333333333333, 0.75, 0.3, 0.7894736842105263, 0.3333333333333333, 0.7368421052631579, 0.5172413793103449, 0.26666666666666666, 0.8333333333333334, 0.35714285714285715, 0.6, 0.21428571428571427, 0.7777777777777778, 0.15384615384615385, 0.55, 0.125, 0.5, 0.25, 0.4166666666666667, 0.7058823529411765, 0.5714285714285714, 0.3142857142857143, 0.11764705882352941, 0.5625, 0.18518518518518517, 0.6, 0.125, 0.29411764705882354, 0.058823529411764705, 0.4482758620689655]}, "V1": {"bins": [-1.0, 0.1924928469037568, 0.23447458218841544, 0.32044848, 0.3362848970467792, 0.360180179, 0.3860776713122809, 0.3996759923494969, 0.409672994141914, 0.41963779, 0.4255675425604205, 0.4449441780445713, 0.4490629755903261, 0.4776052641528161, 0.4810167645109978, 0.491181829, 0.5040544508682955, 0.5142236426920285, 0.517982912, 0.533650115, 0.5394358091965552, 0.5451983179063133, 0.5513504808752762, 0.5620529400841331, 0.5669453232567663, 0.587994827, 0.5956744776969373, 0.609658959436337, 0.641698675, 0.6696067741322762, 0.713174198, 0.757144492, 0.8174525691528225, 1.0939994987369392], "rate": [0.8064516129032258, 0.9411764705882353, 0.65625, 0.375, 0.6764705882352942, 0.34375, 0.8260869565217391, 0.2857142857142857, 0.8, 0.46153846153846156, 0.6666666666666666, 0.125, 0.5, 0.08333333333333333, 0.6923076923076923, 0.23809523809523808, 0.5483870967741935, 0.8125, 0.53125, 0.14285714285714285, 0.6, 0.21428571428571427, 0.4, 0.8333333333333334, 0.4857142857142857, 0.17391304347826086, 0.32, 0.6333333333333333, 0.29411764705882354, 0.5405405405405406, 0.3448275862068966, 0.1, 0.52]}, "level_shift_size": {"bins": [-1.0, 0.226373266, 0.268104007, 0.2944257534717072, 0.33906638663208216, 0.365186914, 0.3791049669416971, 0.40979273002712097, 0.4330286401211486, 0.4525266834861749, 0.4710671548002841, 0.4837387442703888, 0.4994106489106761, 0.505686653, 0.5101048342401274, 0.5349494530068714, 0.5464260344867962, 0.555223368, 0.574246528, 0.5854559079519464, 0.6075599781562854, 0.6166720007493736, 0.623283661, 0.6344852349988681, 0.6523140811977487, 0.687425355, 0.71345047499356, 0.722552241, 0.7359551000335657, 0.7638013775155348, 0.7972651445410769, 0.824380460823534, 0.9137986214648692, 1.0], "rate": [1.0, 0.9047619047619048, 0.7222222222222222, 0.95, 0.8421052631578947, 0.3333333333333333, 0.8260869565217391, 0.34782608695652173, 0.7142857142857143, 0.3333333333333333, 0.9047619047619048, 0.34375, 1.0, 0.42857142857142855, 0.6857142857142857, 0.24, 0.7692307692307693, 0.5714285714285714, 0.23076923076923078, 0.5142857142857142, 0.2, 0.9, 0.23076923076923078, 0.41379310344827586, 0.6486486486486487, 0.1891891891891892, 0.7142857142857143, 0.21052631578947367, 0.4166666666666667, 0.21212121212121213, 0.06666666666666667, 0.0, 0.1]}, "fft_imag_6": {"bins": [-0.9884112355241069, 0.1239359075145813, 0.18066820264359498, 0.2565193994741409, 0.3135711680935284, 0.3416156916574426, 0.3801080796791513, 0.403931729, 0.4097643332658254, 0.4318422797079459, 0.443781415, 0.456749811, 0.4592107534398667, 0.460944567, 0.473712518, 0.4822283675585129, 0.492943612, 0.496573640414347, 0.51108922, 0.5200713812741786, 0.524488949, 0.5432052685146787, 0.5503091947392296, 0.569429874, 0.5883150960768879, 0.5999878943418238, 0.620067236, 0.6407972412590186, 0.6539859874748004, 0.680629066, 0.7104588205369103, 0.7628424526202848, 0.85610934, 1.0], "rate": [0.1111111111111111, 0.7058823529411765, 0.41379310344827586, 0.7567567567567568, 0.16666666666666666, 0.6111111111111112, 0.8055555555555556, 0.25, 0.48484848484848486, 0.8235294117647058, 0.5925925925925926, 0.0, 1.0, 0.5, 0.3125, 0.6296296296296297, 0.2, 0.7142857142857143, 0.375, 1.0, 0.38461538461538464, 0.46153846153846156, 0.7428571428571429, 0.5769230769230769, 0.26666666666666666, 0.46875, 0.2, 0.5882352941176471, 0.36666666666666664, 0.2222222222222222, 0.48484848484848486, 0.2857142857142857, 0.0]}, "erbc_num10_focus2": {"bins": [-1.0, 0.2261137634655347, 0.293550598, 0.2989539040762238, 0.3275380630812096, 0.334495561, 0.3533914722336972, 0.3651060702324453, 0.3801948699931926, 0.383041476, 0.3913341132384672, 0.40169013, 0.402522174103714, 0.40948343, 0.42666415162740606, 0.4393003098836983, 0.45748258288165694, 0.4670344501123116, 0.469325443, 0.4753815039110561, 0.4901683404735062, 0.4941143355351558, 0.498545882, 0.5128211070534151, 0.516037528, 0.531352974, 0.5528242236370852, 0.565688502, 0.5803146933349048, 0.597703655, 0.6062079613528438, 0.624803982, 0.6373018812720176, 0.6785947102769642, 0.7086231144028204, 0.742145844, 1.0], "rate": [0.6, 0.8387096774193549, 0.0, 0.8518518518518519, 1.0, 0.7142857142857143, 0.9523809523809523, 0.7142857142857143, 1.0, 0.5, 0.8888888888888888, 0.0, 0.8235294117647058, 0.6428571428571429, 0.391304347826087, 0.6666666666666666, 0.3181818181818182, 1.0, 0.0, 0.5294117647058824, 0.1, 0.8571428571428571, 0.4, 0.7272727272727273, 0.38461538461538464, 0.17857142857142858, 0.6, 0.09523809523809523, 0.4666666666666667, 0.0, 0.3333333333333333, 0.0, 0.3125, 0.047619047619047616, 0.2631578947368421, 0.0]}, "fft_abs_22": {"bins": [-1.0188897005044666, 0.0524695416915484, 0.071585922, 0.08641916174926217, 0.1150749129197385, 0.126851605, 0.1453738849626891, 0.1612207902480044, 0.18341537540766037, 0.1986917947890688, 0.20650342, 0.2138289683201643, 0.2207424811020851, 0.2277488833476898, 0.2390733520521068, 0.25129500800707943, 0.2601146755543403, 0.2703538705234436, 0.2739448451603046, 0.282072657, 0.2873512440376554, 0.3156638712906616, 0.326094717, 0.3498195905047785, 0.375634242313651, 0.3978769610588981, 0.40260725104440825, 0.4066277094609961, 0.442385036, 0.458250328147573, 0.492892354, 0.5072856086429769, 0.5525206230023368, 0.6174237957512796, 0.6625585773953694, 0.729417992, 0.7294179921628549, 1.0], "rate": [0.6956521739130435, 0.84, 0.6666666666666666, 0.35294117647058826, 0.7619047619047619, 0.5652173913043478, 0.36666666666666664, 0.6538461538461539, 0.4230769230769231, 0.9, 0.1111111111111111, 0.6666666666666666, 0.16666666666666666, 0.4482758620689655, 0.8333333333333334, 0.3125, 0.631578947368421, 0.14285714285714285, 0.6666666666666666, 0.25, 0.5, 0.6666666666666666, 0.4583333333333333, 0.28125, 0.45454545454545453, 1.0, 0.3333333333333333, 0.71875, 0.18181818181818182, 0.6, 0.1, 0.25, 0.6666666666666666, 0.11764705882352941, 0.5, 0.0, 0.4]}, "lumpiness": {"bins": [-1.001388503916494, 0.006188333, 0.0124718218698869, 0.01421402555716, 0.0147516184245553, 0.019818705, 0.0206990220119943, 0.024748825, 0.0262242516799558, 0.0340675285321896, 0.039862392, 0.054348773, 0.065459904, 0.070617018, 0.0801701368986878, 0.086963005206987, 0.08940775089115341, 0.1014261718037909, 0.113175480446566, 0.1200033923599391, 0.131025052, 0.1469943567574685, 0.154167412, 0.1588644246356401, 0.166186695, 0.1903598084816392, 0.208628119, 0.250751978, 0.2739833768570611, 0.31426316646162894, 0.3588266934114513, 0.4146782221293511, 0.482422381308459, 0.525200991, 0.639586358, 0.6804635097989306, 0.7647584942826631, 1.0],