{"fft_imag_6": {"bins": [-1.0, 0.195305216970998, 0.2772156067161997, 0.313179675, 0.3360026502736152, 0.356367891, 0.3648757934414737, 0.369955064, 0.3781144417689296, 0.399055401, 0.4114923036174309, 0.4233401794029135, 0.4337295780785381, 0.4511018825304652, 0.456749811, 0.4592107534398667, 0.4744758508665103, 0.4822283675585129, 0.493435641, 0.498305723965087, 0.515202092224231, 0.532436873, 0.5541973938126802, 0.5755826917460429, 0.5893099400236573, 0.6079905261874852, 0.631531464143178, 0.6473828797543392, 0.650100674, 0.6640010309094504, 0.682362553, 0.7170988932560133, 0.7689111197486952, 0.812884329921709, 0.910693237, 0.9918420473714512], "rate": [0.2647058823529412, 0.56, 0.7894736842105263, 0.2777777777777778, 0.8571428571428571, 0.25, 1.0, 0.42857142857142855, 0.6785714285714286, 0.21052631578947367, 0.6521739130434783, 0.3888888888888889, 0.5909090909090909, 0.8125, 0.0, 0.5666666666666667, 0.2631578947368421, 0.5333333333333333, 0.25, 0.5769230769230769, 0.696969696969697, 0.34375, 0.5714285714285714, 0.85, 0.5769230769230769, 0.14814814814814814, 0.3333333333333333, 0.8, 0.35294117647058826, 0.56, 0.3103448275862069, 0.5135135135135135, 0.18181818181818182, 0.47058823529411764, 0.0]}, "retvalue": {"bins": [-1.0, 0.10696555457344584, 0.1285432015337039, 0.205672795, 0.2056727951168273, 0.308742407, 0.3403346530435356, 0.350739307, 0.3663481243710564, 0.387465936, 0.409505586, 0.44312147, 0.4630750471937183, 0.475609846, 0.4847915029271123, 0.497645823, 0.5160091375852975, 0.530699789, 0.5377806832622061, 0.550440352, 0.5527357665949273, 0.5717689236144602, 0.5887172688174025, 0.5946555409465187, 0.6078257101093718, 0.6255024907764851, 0.6323003356813891, 0.6491101137790964, 0.661079322, 0.6626769305352537, 0.664751985, 0.6650715067466817, 0.667624007, 0.694933929, 0.7198456012516434, 0.7437105647821007, 0.80982217, 1.0], "rate": [1.0, 0.14285714285714285, 1.0, 0.0, 0.8108108108108109, 0.2413793103448276, 0.8888888888888888, 0.0, 0.75, 0.391304347826087, 0.32432432432432434, 0.2, 0.8, 0.2608695652173913, 0.6842105263157895, 0.3783783783783784, 0.59375, 0.23529411764705882, 0.7058823529411765, 0.0, 0.4838709677419355, 0.36, 0.14285714285714285, 0.5789473684210527, 0.7727272727272727, 0.15789473684210525, 0.5, 1.0, 0.0, 1.0, 0.0, 1.0, 0.5142857142857142, 0.2571428571428571, 0.5555555555555556, 0.7142857142857143, 0.5]}, "fft_real_5": {"bins": [-0.972200459741545, 0.2069149565180004, 0.275985206, 0.3142663668452322, 0.32310514359589637, 0.35788468224855063, 0.365417018543022, 0.3950124504099852, 0.4188366774780615, 0.422067684, 0.438013642, 0.4532445809997634, 0.467679515, 0.4755638072283349, 0.478663057, 0.4863903017455488, 0.5041833867654707, 0.511339009, 0.5182453342786313, 0.533331478, 0.553866305, 0.5724359482002288, 0.578769284, 0.5930131887249679, 0.619437158, 0.6279480719451339, 0.630552963, 0.6672169880070447, 0.673642687310934, 0.6945041542286541, 0.733400626109658, 0.7709814666585015, 0.832523544, 1.0], "rate": [0.22727272727272727, 0.6086956521739131, 0.2608695652173913, 0.75, 0.4864864864864865, 0.21428571428571427, 0.5588235294117647, 0.3333333333333333, 1.0, 0.38235294117647056, 0.23809523809523808, 0.7037037037037037, 0.3333333333333333, 1.0, 0.3888888888888889, 0.5806451612903226, 0.7894736842105263, 0.17647058823529413, 0.8421052631578947, 0.6571428571428571, 0.3, 0.7857142857142857, 0.2962962962962963, 0.5675675675675675, 0.15384615384615385, 1.0, 0.5882352941176471, 1.0, 0.1875, 0.4, 0.782608695652174, 0.5217391304347826, 0.3548387096774194]}, "retindex": {"bins": [-0.9864906821022995, 0.333333333, 0.3809523809523809, 0.4117191562548569, 0.5238095238095238, 0.571428571, 0.619047619, 0.6190476190476191, 0.6666666666666666, 0.714285714, 0.7142857142857143, 0.7619047619047619, 0.8079401934412485, 0.8095238095238095, 0.857142857, 0.8571428571428571, 0.9047619047619048, 0.952380952, 0.9523809523809524, 1.0874509965777672], "rate": [0.9024390243902439, 0.4666666666666667, 1.0, 0.6875, 1.0, 0.6417910447761194, 0.0, 0.23333333333333334, 1.0, 0.0, 0.25, 1.0, 0.0, 1.0, 0.0, 0.175, 1.0, 0.0, 0.2625]}, "alt_stderr_min_50": {"bins": [-0.999482497, 0.148523446, 0.196142096, 0.2138039830620657, 0.261831628, 0.291037176725181, 0.322613225, 0.32550957389154, 0.3639647626318696, 0.39182337083032803, 0.4126087175348616, 0.416773784, 0.437115002550106, 0.4479564252056256, 0.4608700734521073, 0.466871442, 0.488289401, 0.5068527452580409, 0.5285628433953261, 0.540164933, 0.5498055188394193, 0.5660437854690362, 0.5753801981275927, 0.5923409512467737, 0.614535165, 0.6523295995032289, 0.705298566, 0.755897034, 1.0], "rate": [1.0, 0.96875, 0.75, 0.96875, 0.55, 0.8235294117647058, 0.3333333333333333, 0.8611111111111112, 0.6363636363636364, 0.42857142857142855, 0.9, 0.45161290322580644, 0.7894736842105263, 0.2222222222222222, 0.6666666666666666, 0.41379310344827586, 0.23076923076923078, 0.44, 0.8666666666666667, 0.0, 0.4482758620689655, 0.0, 0.2222222222222222, 0.41379310344827586, 0.06896551724137931, 0.3055555555555556, 0.058823529411764705, 0.0]}, "erbc_num10_focus2": {"bins": [-0.9741663762341909, 0.271177039, 0.2819888131349006, 0.3091934947674324, 0.33521401401431467, 0.3473892965090559, 0.364663616, 0.374364885, 0.3900756929345129, 0.40169013, 0.4032553304826651, 0.4169137259594747, 0.4266625274713555, 0.4366200669078505, 0.452541083, 0.4665442050476697, 0.484906178, 0.4953794938854125, 0.5120035068209432, 0.521107803, 0.5468491709213632, 0.560349805, 0.5711274872795788, 0.5803146933349048, 0.597703655, 0.6022738343915386, 0.609193561, 0.6241592934883234, 0.624803982, 0.6373018812720176, 0.6666346900810864, 0.7086231144028204, 0.758160035, 1.0], "rate": [0.9130434782608695, 0.5454545454545454, 0.7619047619047619, 0.9166666666666666, 0.5384615384615384, 0.9310344827586207, 0.85, 0.6538461538461539, 0.875, 0.0, 0.7931034482758621, 0.6666666666666666, 0.3333333333333333, 0.6666666666666666, 0.4, 0.5675675675675675, 0.1875, 0.47058823529411764, 0.72, 0.21212121212121213, 0.47368421052631576, 0.35, 0.125, 0.40625, 0.0, 0.5, 0.15, 1.0, 0.13333333333333333, 0.2916666666666667, 0.0, 0.16, 0.0]}, "minindex": {"bins": [-1.0300558456772602, 0.1666666666666666, 0.208333333, 0.25, 0.2916666666666667, 0.333333333, 0.3333333333333333, 0.4166666666666667, 0.458333333, 0.4583333333333333, 0.5360459403427585, 0.5416666666666666, 1.0], "rate": [0.875, 1.0, 0.717391304347826, 0.40476190476190477, 1.0, 0.0, 0.304, 1.0, 0.0, 0.5121951219512195, 0.0, 0.21794871794871795]}, "S_ret": {"bins": [-1.0, 0.048190719826777, 0.167283345, 0.2054839371543072, 0.255062261, 0.296237004, 0.3180651120092947, 0.333656796, 0.339878253, 0.3429958409287782, 0.357766811, 0.37488945496535525, 0.3817539693280191, 0.387775237, 0.3945985083720875, 0.412142817, 0.4233746163819635, 0.442796088, 0.4498151835722611, 0.462516909, 0.46958839, 0.4807971147807616, 0.4998724651274756, 0.508262326, 0.524628574172598, 0.54255767, 0.5532986629730405, 0.557107871, 0.584222595, 0.588609919780877, 0.6166626025969717, 0.627374908, 0.6528750226849926, 0.679985382, 0.74056164, 0.8175858428184147, 0.971113507], "rate": [0.0, 1.0, 0.3, 0.7837837837837838, 0.6470588235294118, 0.375, 0.6296296296296297, 0.5, 0.0, 0.8666666666666667, 0.5333333333333333, 0.1875, 0.8333333333333334, 0.3125, 0.6296296296296297, 0.15384615384615385, 0.4444444444444444, 0.2631578947368421, 0.8, 0.6666666666666666, 0.24, 0.4722222222222222, 0.8666666666666667, 0.2857142857142857, 0.696969696969697, 0.2, 1.0, 0.3888888888888889, 0.0, 0.40625, 0.7272727272727273, 0.25925925925925924, 0.48, 0.3333333333333333, 0.15789473684210525, 0.5384615384615384]},