{"fft_imag_6": {"bins": [-1.0, 0.17204041742072915, 0.2600309464864376, 0.3304378774461355, 0.37160749933080417, 0.38546187648006, 0.3988126723174904, 0.4199063717424094, 0.4318422797079459, 0.4479114073203454, 0.4663533957466409, 0.4713591313828125, 0.47443857492531366, 0.4892849529201883, 0.489776223, 0.5061384922326512, 0.5106960047536071, 0.5142931916873719, 0.5177429957696136, 0.5202697272205097, 0.5253664023881935, 0.5427646469969148, 0.5566971659857373, 0.5690965244132109, 0.580274421445046, 0.5900785374724478, 0.5957024954289419, 0.607803811, 0.6303110820364802, 0.6555314211277975, 0.6697717391197657, 0.7062281943642423, 0.7104588205369103, 0.7456001856418267, 0.7806215087834019, 0.812884329921709, 0.9775174111659138], "rate": [0.2, 0.0, 0.36666666666666664, 0.68, 0.5217391304347826, 0.7727272727272727, 0.2962962962962963, 0.5, 0.75, 0.5151515151515151, 0.2, 1.0, 0.37037037037037035, 1.0, 0.6486486486486487, 0.9230769230769231, 0.4, 0.9, 0.2, 0.875, 0.6756756756756757, 0.4166666666666667, 0.8260869565217391, 0.5263157894736842, 0.9230769230769231, 0.0, 0.5789473684210527, 0.32142857142857145, 0.5945945945945946, 0.1875, 0.41935483870967744, 0.0, 0.4666666666666667, 0.6666666666666666, 0.13333333333333333, 0.3939393939393939]}, "fft_real_5": {"bins": [-1.0, 0.2353126371255787, 0.296684314, 0.3322052842119478, 0.365417018543022, 0.37374570887312325, 0.3926061940013326, 0.3986698566489523, 0.4066269638941459, 0.422067684, 0.43800185437137285, 0.4551124008229957, 0.472131021, 0.4755638072283349, 0.479279244469977, 0.4919019906689694, 0.4990611334414765, 0.510208650241082, 0.5133222494254402, 0.5164887150082813, 0.52745527910749, 0.5374993889554518, 0.553866305, 0.5699284593343323, 0.5786060166572401, 0.589774422346981, 0.5918530543314153, 0.5964186171356389, 0.619437158, 0.6263626499702418, 0.6595547621385573, 0.7013481751940223, 0.7322653497761566, 0.7723478580731871, 0.83050995, 0.9992980325532816], "rate": [0.16129032258064516, 0.5, 0.20833333333333334, 0.3333333333333333, 0.6666666666666666, 0.23529411764705882, 0.6666666666666666, 0.13333333333333333, 0.631578947368421, 0.4722222222222222, 0.26666666666666666, 0.7407407407407407, 0.2, 0.9090909090909091, 0.6206896551724138, 0.7307692307692307, 0.78125, 1.0, 0.3, 0.7619047619047619, 0.8823529411764706, 0.6, 0.4722222222222222, 0.7058823529411765, 0.3333333333333333, 1.0, 0.14285714285714285, 0.5333333333333333, 0.25, 0.6129032258064516, 0.23076923076923078, 0.6086956521739131, 0.7777777777777778, 0.42105263157894735, 0.22727272727272727]}, "retindex": {"bins": [-1.0964278589703271, 0.1904761904761904, 0.333333333, 0.4285714285714285, 0.5238095238095238, 0.571428571, 0.5714285714285714, 0.619047619, 0.6190476190476191, 0.6666666666666666, 0.714285714, 0.7142857142857143, 0.857142857, 0.9047619047619048, 0.9963338974171151, 1.0, 1.0385378798045612], "rate": [0.875, 0.96875, 0.5714285714285714, 0.7647058823529411, 1.0, 0.0, 1.0, 0.0, 0.25806451612903225, 1.0, 0.0, 0.5211267605633803, 0.10606060606060606, 0.5882352941176471, 0.034482758620689655, 1.0]}, "dmq": {"bins": [-1.0562709456913013, 0.05371741503464568, 0.086367262028377, 0.109060153, 0.1381113423670872, 0.1476040086915492, 0.15977582, 0.1711230202118078, 0.18586991, 0.1977378941604612, 0.19942663160632113, 0.21208078856756366, 0.2339559590725478, 0.2567104771762697, 0.2633256599974082, 0.26498912590694, 0.27617033061034474, 0.2892268320710005, 0.29985441, 0.315787194285105, 0.341882841274041, 0.3580688579296995, 0.3647933590425019, 0.3892388363242641, 0.4047240792956931, 0.4207946246167477, 0.4550311942963729, 0.4941652346919575, 0.5237404172220832, 0.5791983214046303, 0.6503146157297812, 0.7285872225525901, 0.728587223, 1.133162912641445], "rate": [0.8, 0.4444444444444444, 0.64, 0.3, 0.4444444444444444, 0.6190476190476191, 0.3181818181818182, 0.6428571428571429, 0.2777777777777778, 1.0, 0.45454545454545453, 0.23529411764705882, 0.5, 0.8, 0.0, 0.6666666666666666, 0.29411764705882354, 0.6, 0.23076923076923078, 0.5, 0.16666666666666666, 0.6666666666666666, 0.2222222222222222, 0.3333333333333333, 0.6363636363636364, 0.4074074074074074, 0.6111111111111112, 0.8947368421052632, 0.4444444444444444, 0.7575757575757576, 0.45454545454545453, 1.0, 0.6097560975609756]}, "alt_stderr_min_50": {"bins": [-1.028050719815158, 0.1693458370618762, 0.2138039830620657, 0.2394204543229585, 0.26119750159554717, 0.2808790877785865, 0.2849927137255951, 0.320267766, 0.3255179205704492, 0.34068302866970607, 0.3663530828958864, 0.387025692, 0.3953892124540717, 0.404804434, 0.4167821310099562, 0.437115002550106, 0.44966512185854046, 0.4585329617210031, 0.466871442, 0.4799258802768876, 0.500242058, 0.5229370817672007, 0.55558987, 0.5772165, 0.5878920921631096, 0.595704723, 0.608007946292767, 0.6377720840510359, 0.7067931996860884, 1.0], "rate": [1.0, 0.90625, 1.0, 0.8421052631578947, 0.6818181818181818, 1.0, 0.7647058823529411, 0.2, 0.9310344827586207, 0.8484848484848485, 0.7142857142857143, 0.3333333333333333, 0.8461538461538461, 0.26666666666666666, 0.5333333333333333, 0.8421052631578947, 0.21428571428571427, 0.75, 0.2, 0.5, 0.1724137931034483, 0.4, 0.12, 0.0, 0.15384615384615385, 0.0, 0.1111111111111111, 0.02631578947368421, 0.0]}, "V2": {"bins": [-1.0, 0.270491962, 0.3051382161379153, 0.33041155442269843, 0.3586808426995364, 0.36589241232041875, 0.3746726177831975, 0.38945848152061807, 0.4049421611190622, 0.41365172384718435, 0.4270384561210343, 0.43635648784018805, 0.4416894062462693, 0.460752431, 0.4687868240545555, 0.48288403592666546, 0.496488729287775, 0.5131710605582666, 0.5198058978108936, 0.5379055339164093, 0.5541518617368006, 0.567453682, 0.590410552, 0.600889903955698, 0.6211330843522542, 0.6326003051080716, 0.6605186325005814, 0.676007777, 0.7241899398512013, 0.9649406994955436], "rate": [0.8958333333333334, 0.6206896551724138, 0.9666666666666667, 0.6333333333333333, 1.0, 0.625, 0.8529411764705882, 0.6071428571428571, 0.8181818181818182, 0.5142857142857142, 0.9047619047619048, 0.42857142857142855, 0.7222222222222222, 0.16666666666666666, 0.56, 0.2692307692307692, 0.44, 0.9, 0.7142857142857143, 0.1724137931034483, 0.47058823529411764, 0.08, 0.0, 0.45714285714285713, 0.0, 0.25, 0.13333333333333333, 0.04, 0.0]}, "erbc_num10_focus2": {"bins": [-1.0, 0.269627516, 0.3081813263303202, 0.3359199689594654, 0.3482869371394372, 0.3604195392334132, 0.3636736170088787, 0.37457199805666286, 0.37662484576069494, 0.3913341132384672, 0.40121095900020387, 0.4047233135168339, 0.4066920454806797, 0.4096874884634681, 0.42142826315273163, 0.4352602532423524, 0.4424346022782756, 0.45322006873449916, 0.4572471372574703, 0.4610056448694662, 0.4760252074958786, 0.4928409776468634, 0.5032778475145901, 0.527545969273995, 0.5551283887271915, 0.561864556, 0.5912644171651633, 0.609193561, 0.645342151687224, 1.0], "rate": [0.8260869565217391, 0.5652173913043478, 0.9666666666666667, 0.6, 0.8529411764705882, 0.9166666666666666, 1.0, 0.875, 0.7027027027027027, 0.9411764705882353, 0.2, 1.0, 0.6666666666666666, 0.875, 0.5, 0.6428571428571429, 0.75, 0.5625, 0.0, 0.5454545454545454, 0.2608695652173913, 0.6, 0.32432432432432434, 0.09375, 0.5714285714285714, 0.03225806451612903, 0.35, 0.02631578947368421, 0.0]}, "minindex": {"bins": [-0.958333333, 0.1666666666666666, 0.208333333, 0.25, 0.2916666666666667, 0.333333333, 0.3333333333333333, 0.458333333, 0.4583333333333333, 0.5397003648906188, 0.5416666666666666, 1.0], "rate": [0.9032258064516129, 1.0, 0.7786259541984732, 0.6216216216216216, 1.0, 0.0, 0.37037037037037035, 0.0, 0.30434782608695654, 0.0, 0.015625]},