{"fft_real_5": {"bins": [-1.0, 0.212132859, 0.3146594665415633, 0.3294134770090927, 0.3369145540264491, 0.3807848283976434, 0.38714881791286737, 0.4151091965432882, 0.42288956344168704, 0.4426609838711274, 0.4688071048598381, 0.4972862043021104, 0.5080982764602289, 0.5147440299421682, 0.5259187990111943, 0.5373575998760765, 0.5624337334313813, 0.5785880848950041, 0.5798482102886882, 0.581444736347209, 0.5946935404793637, 0.6096630193424876, 0.6194843811732504, 0.6332363815236278, 0.6422648557927382, 0.6607659723354123, 0.6827937242156785, 0.684331287920199, 0.7159353508245321, 0.7238166763421431, 0.733400626109658, 0.7664524477502732, 0.7813000813645719, 0.836648112, 0.872174188577921, 1.0], "rate": [0.05, 0.0, 0.1111111111111111, 0.375, 0.16666666666666666, 0.8, 0.24242424242424243, 0.6666666666666666, 0.058823529411764705, 0.53125, 0.27586206896551724, 0.6521739130434783, 0.07142857142857142, 0.6086956521739131, 0.9130434782608695, 0.2857142857142857, 0.6666666666666666, 0.0, 1.0, 0.36363636363636365, 0.5925925925925926, 0.9545454545454546, 0.6451612903225806, 1.0, 0.8, 0.46153846153846156, 1.0, 0.5757575757575758, 0.8571428571428571, 0.2, 0.9375, 0.38461538461538464, 0.7575757575757576, 0.4166666666666667, 0.64]}, "lumpiness": {"bins": [-1.0335045997862968, 0.003708056, 0.009491715727098142, 0.0097781354771104, 0.013953969691909911, 0.0206990220119943, 0.025497608004327856, 0.0325884149616051, 0.0367284514022297, 0.041108729426731654, 0.0490546264532203, 0.0542741270454218, 0.06331637330737264, 0.074004116365756, 0.086963005206987, 0.10664218085876728, 0.1207109137707341, 0.1319372520617401, 0.1446012441959874, 0.1528821892656565, 0.169084492, 0.1746450734465642, 0.18508579091174532, 0.22184277247522774, 0.2424350256403135, 0.311974383, 0.615199056, 0.9997355954753314], "rate": [1.0, 0.8333333333333334, 0.0, 0.9375, 0.5714285714285714, 0.8148148148148148, 0.6363636363636364, 0.7368421052631579, 0.9473684210526315, 0.5769230769230769, 0.9166666666666666, 0.47619047619047616, 0.22727272727272727, 0.4583333333333333, 0.6388888888888888, 0.391304347826087, 0.8235294117647058, 0.35, 0.8333333333333334, 0.6129032258064516, 0.0, 0.7777777777777778, 0.43243243243243246, 0.25, 0.45454545454545453, 0.01282051282051282, 0.0]}, "minindex": {"bins": [-0.9583333333333334, 0.125, 0.1666666666666666, 0.2083333333333333, 0.24959632621357078, 0.25, 0.2916666666666667, 0.333333333, 0.3333333333333333, 0.3826612632436609, 0.4166666666666667, 0.5, 0.5416666666666666, 0.875], "rate": [0.875, 0.9761904761904762, 0.9375, 1.0, 0.6153846153846154, 0.7422680412371134, 1.0, 0.0, 0.2878787878787879, 0.0, 0.04081632653061224, 0.0, 0.017857142857142856]}, "retang": {"bins": [-1.0, 0.328969884936508, 0.3775547455351601, 0.4202895973048816, 0.4229638200306475, 0.4505406930870013, 0.4656056284426519, 0.48233332826602954, 0.5074938305265771, 0.5173037785552465, 0.5268006441728604, 0.5311808182684199, 0.5396058215377133, 0.5444409797037436, 0.5583273650792933, 0.5798288276773773, 0.591444693, 0.6100706644726406, 0.6264118927130031, 0.6359023842256231, 0.6436123915725169, 0.6479952860080844, 0.6572722839114936, 0.6700289425051889, 0.6875899065457656, 0.6926904851429924, 0.7143128909049103, 0.7497200930573081, 0.7774667577543493, 0.7808407501600436, 0.792632341, 0.8779531681045876, 1.0433672224281203], "rate": [0.0, 0.09375, 0.30303030303030304, 0.0, 0.17142857142857143, 0.4583333333333333, 0.6111111111111112, 0.21428571428571427, 0.9411764705882353, 0.7083333333333334, 0.16666666666666666, 0.7894736842105263, 0.3076923076923077, 0.68, 0.46153846153846156, 0.782608695652174, 0.4, 0.6666666666666666, 0.21428571428571427, 0.7222222222222222, 0.125, 0.7333333333333333, 0.391304347826087, 0.7142857142857143, 0.2222222222222222, 0.5757575757575758, 0.35135135135135137, 0.8055555555555556, 0.16666666666666666, 0.8333333333333334, 0.5333333333333333, 1.0]}, "fft_imag_3": {"bins": [-1.0210201167284023, 0.0860487209580778, 0.179879937, 0.2233501293223258, 0.23878872406961055, 0.2495464482428908, 0.2699907173032053, 0.2927896206947016, 0.298029500086227, 0.3233448652475938, 0.3349764392598437, 0.3471875225270035, 0.3565781601072704, 0.36874110411271, 0.3728011586922856, 0.39960339926670135, 0.4207679935840877, 0.4511843031583831, 0.4720766402955602, 0.4852460111783503, 0.4968361612055676, 0.5199720259108532, 0.524987862, 0.547705332, 0.6954354012648826, 0.696387044, 1.0], "rate": [0.875, 1.0, 0.8571428571428571, 1.0, 0.7333333333333333, 1.0, 0.625, 1.0, 0.7567567567567568, 0.9, 0.46153846153846156, 0.8, 0.65, 0.1111111111111111, 0.5675675675675675, 0.21212121212121213, 0.3939393939393939, 0.5769230769230769, 0.11764705882352941, 0.5555555555555556, 0.1935483870967742, 0.9, 0.037037037037037035, 0.0, 1.0, 0.0]}, "maxindex": {"bins": [-1.0739550795049289, 0.0, 0.2, 0.39806236584064086, 0.4, 0.5940129115532944, 0.6, 0.6975521505002885, 0.8, 1.0], "rate": [0.7222222222222222, 0.7417218543046358, 1.0, 0.358695652173913, 1.0, 0.23118279569892472, 1.0, 0.0, 0.1111111111111111]}, "erbc_num10_focus2": {"bins": [-0.8217761319229749, 0.1987819320522123, 0.256870275776109, 0.2804778584476927, 0.2949824069733973, 0.3081813263303202, 0.3150460099425092, 0.3358986219073806, 0.3389144096346847, 0.3425906290517622, 0.3473892965090559, 0.36321806244336785, 0.3667691514019074, 0.374529623840117, 0.378940359654135, 0.3899602323885949, 0.3931369676836656, 0.40395567479934746, 0.4231675320024504, 0.4366200669078505, 0.45601699866601275, 0.4741838399062974, 0.5021471113048914, 0.527284067, 0.543888853, 0.9436793092344734], "rate": [0.0, 0.9285714285714286, 0.6875, 1.0, 0.782608695652174, 0.9166666666666666, 1.0, 0.75, 1.0, 0.8181818181818182, 0.9666666666666667, 0.6666666666666666, 0.9032258064516129, 0.5333333333333333, 0.8484848484848485, 0.3333333333333333, 0.8333333333333334, 0.6571428571428571, 0.19047619047619047, 0.5263157894736842, 0.038461538461538464, 0.16216216216216217, 0.06896551724137931, 0.05555555555555555, 0.0]}, "alt_rvalue_min_50": {"bins": [-0.9794202345558646, 0.4085730137657638, 0.413617973, 0.4552920311070499, 0.45697699446640005, 0.4672998839854621, 0.4920024494066711, 0.5095833980693522, 0.5330219973835025, 0.5445782114205963, 0.5689931530563096, 0.6054539247859134, 0.6315778027122254, 0.6581187570204969, 0.6734275018022766, 0.6905475390005316, 0.7117486149498687, 0.7264379994005086, 0.7646127550090029, 0.7767371081984527, 0.7858711531040512, 0.8060008322090959, 0.8259215725416357, 0.919533227489329, 1.0930711927230077], "rate": [0.0, 0.25, 0.0, 1.0, 0.0, 0.1111111111111111, 0.18181818181818182, 0.4230769230769231, 0.7058823529411765, 0.2962962962962963, 0.4857142857142857, 0.7857142857142857, 0.59375, 0.8333333333333334, 1.0, 0.8461538461538461, 0.96875, 0.7837837837837838, 0.9, 0.9230769230769231, 1.0, 0.4444444444444444, 0.8666666666666667, 1.0]}, "S_ret": {"bins": [-1.0, 0.20232456071736715, 0.2447877526609262, 0.2667474491466389, 0.296222037, 0.3125536815572975, 0.3204680062089838, 0.3429958409287782, 0.35828238392087847, 0.3807954309462589, 0.39530692597614514, 0.41323294353604, 0.43234926321330197, 0.44100041692949177, 0.4498151835722611, 0.4645024607944853, 0.4677392900330094, 0.48245582482174953, 0.489230007427581, 0.4962449132717947, 0.508262326, 0.523984510000357, 0.5347814725818734, 0.5525378192347534, 0.5579859681662444, 0.5707357812575022, 0.5952105510317228, 0.6074361419742077, 0.6412815103122391, 0.6688527316869154, 0.6981494547056618, 0.7524401568335929, 0.7902676916718591, 0.9936151490224716],