{"fft_real_2": {"bins": [-1.0, 0.1809294455135266, 0.230812650331484, 0.2479672519604665, 0.3052092161630281, 0.329600964111302, 0.3535665735852522, 0.3677691069751357, 0.3981574961196941, 0.4235315830691973, 0.4533172107656201, 0.4871752960360931, 0.5012606049733505, 0.522912844419546, 0.5382160540758002, 0.56635799831016, 0.5818917544591656, 0.5908825141205604, 0.5990405010014357, 0.6182485921424218, 0.6572005432243971, 0.665646140725137, 0.6884814949988693, 0.6970195886091338, 0.7104682531900086, 0.7337775215875529, 0.7413421048441888, 0.750919868709106, 0.7754478798525388, 0.7814468521822728, 0.8062180944654609, 0.8430917074148032, 1.0], "rate": [0.0, 0.07142857142857142, 0.4, 0.0967741935483871, 0.35, 0.13636363636363635, 0.6666666666666666, 0.2, 0.45, 0.03571428571428571, 0.43333333333333335, 0.07142857142857142, 0.42857142857142855, 0.1111111111111111, 0.4166666666666667, 0.7272727272727273, 0.15384615384615385, 0.8, 0.3448275862068966, 0.5, 0.6923076923076923, 0.7916666666666666, 0.9375, 0.65, 0.9393939393939394, 0.5555555555555556, 1.0, 0.7714285714285715, 1.0, 0.8235294117647058, 0.8857142857142857, 0.95]}, "alt_stderr_min_50": {"bins": [-1.0, 0.144469000248637, 0.18887852479819967, 0.2141269003497646, 0.2551224285365132, 0.2738458724586441, 0.3130143260099171, 0.3463968463111629, 0.3692961056408041, 0.3841718597927574, 0.3878031930246598, 0.4149887669578964, 0.4246226525172401, 0.4460228411207891, 0.4608981812242325, 0.4861460798377606, 0.4984566863690406, 0.5062634151771428, 0.5237042498692847, 0.5391232560323636, 0.5492797941477106, 0.5550656016218285, 0.5813794461495084, 0.5980820794782833, 0.602996203230968, 0.6064335842282543, 0.6421649080449192, 0.668761730152229, 0.7245659967734478, 0.7415609216507845, 0.7553832436781114, 1.0], "rate": [1.0, 0.9411764705882353, 0.7, 1.0, 0.8666666666666667, 0.5588235294117647, 0.7878787878787878, 0.44, 0.75, 0.375, 0.6333333333333333, 0.25, 0.6153846153846154, 0.0, 0.46153846153846156, 0.6470588235294118, 0.08333333333333333, 0.32142857142857145, 0.5789473684210527, 0.11764705882352941, 0.6666666666666666, 0.3125, 0.125, 0.5714285714285714, 0.0, 0.20588235294117646, 0.3181818181818182, 0.0967741935483871, 0.3333333333333333, 0.125, 0.0]}, "alt_rvalue_min_50": {"bins": [-1.0, 0.2767894289877589, 0.353023981954661, 0.3836475638454604, 0.3915421034973381, 0.4116434644815559, 0.4166370170009545, 0.4166371170097091, 0.4166372998988327, 0.42743980957696925, 0.4369837540810835, 0.443941348398659, 0.4577247014317478, 0.4745501162704535, 0.4795923650514281, 0.483896921843674, 0.5095237072551974, 0.5372802757006507, 0.5451060925871136, 0.557761214351731, 0.5694876730466406, 0.5965518842334839, 0.6401655047856075, 0.6649992229824953, 0.7024312356926271, 0.7246100429399277, 0.7396373585626964, 0.7449140233004924, 0.7889045270701506, 0.826554857139732, 0.8824977643159599, 0.9182158551144698, 0.9801292143010096, 0.9999835965874212], "rate": [0.0, 0.15625, 0.0, 0.5, 0.16216216216216217, 0.375, 0.13043478260869565, 0.2631578947368421, 0.46153846153846156, 0.2222222222222222, 0.36363636363636365, 0.5652173913043478, 0.19230769230769232, 0.75, 0.16666666666666666, 0.48484848484848486, 0.2962962962962963, 0.0, 0.42857142857142855, 0.9230769230769231, 0.3333333333333333, 0.7, 0.42857142857142855, 0.6896551724137931, 0.92, 1.0, 0.625, 0.9032258064516129, 0.7692307692307693, 0.9629629629629629, 0.6666666666666666, 1.0, 0.9090909090909091]}, "minindex": {"bins": [-1.0, 0.05, 0.13943697137660183, 0.15, 0.24321407213431223, 0.25, 0.3, 0.34644897677894304, 0.35, 0.4, 0.4384628832296602, 0.45, 0.5731693756464691, 0.6, 0.6339545307813708, 0.7, 1.0], "rate": [1.0, 0.9230769230769231, 0.8648648648648649, 0.9183673469387755, 0.7608695652173914, 0.6744186046511628, 1.0, 0.3611111111111111, 0.3867924528301887, 1.0, 0.22641509433962265, 0.4025974025974026, 0.15217391304347827, 1.0, 0.1111111111111111, 0.0]}, "fft_angle_3": {"bins": [-1.0, 0.2715396934455342, 0.3455895285940539, 0.3644139905837601, 0.372559027695219, 0.3967741188959198, 0.4095583957588745, 0.4416349910665931, 0.4546106486815682, 0.4799234135967958, 0.5101850954909718, 0.5155627278999186, 0.5303184917495412, 0.5542917685436277, 0.5554095048872048, 0.5717354728292474, 0.5733855732613243, 0.5870827057939877, 0.606849504136952, 0.6292348426453873, 0.6460972422244878, 0.6483285013711532, 0.6661472278114893, 0.6777289461990179, 0.694883985069592, 0.7063719849097926, 0.7133164731718818, 0.7463898635174746, 0.7617717909337455, 0.7966360506090925, 0.8138593947726168, 0.8226957640940229, 0.8851784071585478, 1.0], "rate": [0.4090909090909091, 0.0, 0.14285714285714285, 0.5, 0.07407407407407407, 0.17647058823529413, 0.24324324324324326, 0.46153846153846156, 0.15625, 0.375, 0.6, 0.07407407407407407, 0.3783783783783784, 1.0, 0.2222222222222222, 0.875, 0.11764705882352941, 0.38461538461538464, 0.7027027027027027, 0.5384615384615384, 1.0, 0.7741935483870968, 0.3076923076923077, 0.6538461538461539, 0.9130434782608695, 0.45454545454545453, 0.696969696969697, 0.9615384615384616, 0.8484848484848485, 1.0, 0.5, 1.0, 0.9230769230769231]}, "erbc_num10_focus2": {"bins": [-1.0, 0.2464247918804206, 0.3111271133756839, 0.3228719823423105, 0.33273755720194026, 0.342821941995757, 0.3566368064803073, 0.3647765245402036, 0.374918407134191, 0.3836384940931583, 0.3913734092709949, 0.3999820441611369, 0.4105383663962671, 0.41917873220307145, 0.4269178674756824, 0.4402007199162792, 0.4454101788169482, 0.4540566134029226, 0.4714004393968806, 0.4791050282838879, 0.4878545171914866, 0.5003203730723776, 0.5057065150588126, 0.5246974660986874, 0.5291045857796443, 0.5407971015775374, 0.5610495571319196, 0.5690923765958914, 0.5950883798975631, 0.6142075132500521, 0.6199510244989817, 0.6271410666161623, 0.638669895177628, 0.6634790627642119, 0.6840358880862631, 0.7266039254649785, 0.7671494289630238, 0.9570203691586732], "rate": [0.6470588235294118, 0.8611111111111112, 0.4, 1.0, 0.6666666666666666, 0.9166666666666666, 0.5625, 1.0, 0.7142857142857143, 1.0, 0.9130434782608695, 0.4444444444444444, 0.8947368421052632, 0.47368421052631576, 0.7142857142857143, 0.18181818181818182, 0.7647058823529411, 0.3142857142857143, 0.5909090909090909, 0.07692307692307693, 0.28, 0.7272727272727273, 0.3548387096774194, 0.14285714285714285, 0.5294117647058824, 0.16666666666666666, 0.55, 0.2857142857142857, 0.0967741935483871, 0.7777777777777778, 0.0, 0.4166666666666667, 0.125, 0.3333333333333333, 0.06060606060606061, 0.05555555555555555, 0.0]}, "fft_imag_3": {"bins": [-0.9562907071957503, 0.2301703928422427, 0.2545075131885991, 0.30096758683132263, 0.313217707212597, 0.3383964103592774, 0.3528743263582496, 0.377059971087577, 0.3877418287260202, 0.409199390614633, 0.4162376683566857, 0.4212614176321119, 0.4506341484638005, 0.4713385232144777, 0.4795327597471231, 0.4994333148841581, 0.5082758289285322, 0.5252513906998795, 0.5417903861316496, 0.5563364107760554, 0.5677675345918561, 0.5726598178192316, 0.5839074751119088, 0.5938612854354604, 0.6069857838435107, 0.6274949277013683, 0.6467141163049968, 0.666121920436343, 0.6813156406370097, 0.6888766566003671, 0.6936563177154874, 0.7061735636747395, 0.7353250393926155, 0.7820949627184965, 1.0], "rate": [0.9629629629629629, 0.7857142857142857, 0.972972972972973, 0.625, 1.0, 0.6923076923076923, 0.967741935483871, 0.4444444444444444, 0.8529411764705882, 1.0, 0.125, 0.6666666666666666, 0.45454545454545453, 0.8, 0.4642857142857143, 0.8235294117647058, 0.23076923076923078, 0.45454545454545453, 0.13636363636363635, 0.7142857142857143, 0.0, 0.5833333333333334, 0.1111111111111111, 0.5333333333333333, 0.23333333333333334, 0.4838709677419355, 0.20689655172413793, 0.15384615384615385, 0.0, 0.3333333333333333, 0.0, 0.17857142857142858, 0.1111111111111111, 0.0]},