{"alt_rvalue_min_50": {"bins": [-1.0, 0.3491379625670899, 0.3563501130296928, 0.3672995971527402, 0.3836475638454604, 0.4018317126770449, 0.4064603954299736, 0.4153189656465377, 0.416637060401171, 0.4212544490391994, 0.4265599710679857, 0.4320681734361595, 0.4408087276919246, 0.4577264147583164, 0.4705024054796785, 0.483896921843674, 0.48442142834430435, 0.4882806826899137, 0.5117945583439172, 0.5145387926468261, 0.5367127265193189, 0.556217913191904, 0.5735763501848087, 0.6108133385879988, 0.6397846845548165, 0.6751457896293646, 0.6922186756646432, 0.7057103418782962, 0.7355870808183566, 0.7891905460959596, 0.826554857139732, 0.8913114502482182, 0.9200448900482784, 0.9975357992478794], "rate": [0.0, 0.4, 0.0, 0.13636363636363635, 0.5945945945945946, 0.2692307692307692, 0.64, 0.18421052631578946, 0.0, 0.625, 0.1875, 0.3333333333333333, 0.4838709677419355, 0.22727272727272727, 0.4782608695652174, 1.0, 0.16666666666666666, 0.5428571428571428, 0.0, 0.5925925925925926, 0.375, 0.7894736842105263, 0.3125, 0.8571428571428571, 0.6060606060606061, 0.9230769230769231, 0.2857142857142857, 0.9411764705882353, 0.6956521739130435, 0.3125, 0.9583333333333334, 0.7647058823529411, 0.9545454545454546]}, "fft_angle_2": {"bins": [-0.9708426076397498, 0.09560856268866351, 0.151646171835101, 0.1838951424529751, 0.20891207050374325, 0.2196048727282901, 0.2385691875545289, 0.2515644031342385, 0.264229658981274, 0.27713589218031753, 0.2939132062693855, 0.3126845474553023, 0.3270604989861404, 0.3467260495649881, 0.3606388408402955, 0.3647460505495348, 0.3812496446656593, 0.4040327729773416, 0.41208003472615545, 0.4374083911562764, 0.4535888870065748, 0.4630526601695689, 0.4649562997618493, 0.467882394711551, 0.4852775129945941, 0.5133235825413351, 0.5222790943911934, 0.5507369523014455, 0.560282857383283, 0.5815579734929617, 0.5880735387866394, 0.6001024068610875, 0.6206908228222233, 0.7463552572801946, 0.7607427215990509], "rate": [0.16666666666666666, 0.0, 0.0967741935483871, 0.3103448275862069, 0.125, 0.39285714285714285, 0.6818181818181818, 0.16666666666666666, 0.5454545454545454, 0.15384615384615385, 0.3333333333333333, 0.5909090909090909, 0.24, 0.5666666666666667, 0.2, 0.038461538461538464, 0.2222222222222222, 0.6666666666666666, 0.34375, 0.64, 0.4666666666666667, 1.0, 0.25, 0.7857142857142857, 0.4864864864864865, 1.0, 0.6333333333333333, 1.0, 0.7575757575757576, 0.2857142857142857, 1.0, 0.42105263157894735, 1.0, 0.7142857142857143]}, "S_down": {"bins": [-1.0, 0.15829443280745692, 0.20796002089225, 0.242375380734349, 0.2618913607181476, 0.2854095221247339, 0.30019087992988247, 0.3180970114114778, 0.3302373050672288, 0.335358960482798, 0.3560235996303227, 0.376302152781763, 0.382602302506201, 0.4063573903608363, 0.4230790382418637, 0.4301739987842252, 0.4397440195435935, 0.459929799945979, 0.4624840076411457, 0.4667933719133707, 0.4856116019109163, 0.5001850177713005, 0.5281253288168681, 0.5490559344196095, 0.5618784766843368, 0.609912356410911, 0.6523640435396153, 0.6630219900782212, 0.6877170195737818, 0.741367575899086, 0.7662772348342354, 0.7803530025435552, 0.9751444178263814], "rate": [0.9411764705882353, 0.8275862068965517, 0.6571428571428571, 0.8823529411764706, 0.59375, 0.78125, 0.25, 0.5238095238095238, 0.0, 0.4827586206896552, 0.72, 0.16666666666666666, 0.5357142857142857, 0.6666666666666666, 0.25, 0.9444444444444444, 0.4, 0.8888888888888888, 0.36363636363636365, 0.6875, 0.2222222222222222, 0.5, 0.15384615384615385, 0.5, 0.3055555555555556, 0.12903225806451613, 0.5714285714285714, 0.0, 0.15384615384615385, 0.0, 0.25, 0.10344827586206896]}, "fft_imag_3": {"bins": [-1.0, 0.2496638239489715, 0.313217707212597, 0.3345588140319373, 0.3805230239784634, 0.3957457052675481, 0.41435517379693415, 0.4287412595792784, 0.43558078093579344, 0.4561819479216212, 0.46277503972206285, 0.4643318043956015, 0.4757583549294139, 0.4860461682913135, 0.5076019405721439, 0.5169341235045749, 0.5217206939762578, 0.5381930478498278, 0.5422311366224343, 0.5471052680606963, 0.561931828955442, 0.5726598178192316, 0.5939830801546109, 0.6009466932149105, 0.6196042047874363, 0.6285873205112656, 0.6361686185965555, 0.6453189144933653, 0.6513025079756665, 0.6781684593571231, 0.6854706429833788, 0.6998295173940666, 0.7284918274515798, 0.7376498980103139, 0.7489324462215851, 1.0], "rate": [1.0, 0.8333333333333334, 0.9375, 0.6764705882352942, 0.95, 0.7333333333333333, 0.35714285714285715, 0.75, 0.5, 0.75, 0.0, 0.8333333333333334, 0.5625, 0.46153846153846156, 0.125, 0.6666666666666666, 0.3, 0.875, 0.0, 0.4166666666666667, 0.2, 0.45714285714285713, 0.8333333333333334, 0.41935483870967744, 0.23529411764705882, 0.6153846153846154, 0.8064516129032258, 0.4117647058823529, 0.2702702702702703, 0.1111111111111111, 0.45, 0.1, 0.45454545454545453, 0.08333333333333333, 0.0]}, "minindex": {"bins": [-1.0, 0.15, 0.2, 0.2492164717174061, 0.25, 0.3, 0.34897866259322446, 0.35, 0.4, 0.4497405186371778, 0.45, 0.599553436749705, 0.6, 0.6996205716691954, 1.0], "rate": [0.7692307692307693, 0.8055555555555556, 1.0, 0.6588235294117647, 0.6086956521739131, 1.0, 0.24561403508771928, 0.3473684210526316, 1.0, 0.09523809523809523, 0.4948453608247423, 0.19811320754716982, 0.5, 0.03125]}, "alt_stderr_min_50": {"bins": [-0.9823298460441662, 0.1611799128556789, 0.1956203065279244, 0.2678678956520879, 0.3072283187400447, 0.3399811935639285, 0.34803123404117886, 0.3692960680526013, 0.3867875412823026, 0.3997673173951916, 0.4147399627226376, 0.4444123416134445, 0.45220449025777226, 0.4616366312480174, 0.49842354069356537, 0.5039149326071471, 0.5136416996951791, 0.5212472498689068, 0.544420703397148, 0.5479973731478749, 0.553999631998195, 0.5683310644472523, 0.578463768409348, 0.5839449450753073, 0.5906186040741835, 0.5980820794782833, 0.5986091814045567, 0.6181073384229584, 0.6410625182580126, 0.6666741623325684, 0.7047764424164932, 0.7483146757537732, 1.0], "rate": [1.0, 0.7333333333333333, 0.8918918918918919, 0.43333333333333335, 0.8, 1.0, 0.5357142857142857, 0.7692307692307693, 0.9285714285714286, 0.5789473684210527, 0.22857142857142856, 1.0, 0.0, 0.3783783783783784, 0.1, 0.65, 0.3157894736842105, 0.6666666666666666, 0.0, 0.7857142857142857, 0.2916666666666667, 0.625, 0.09090909090909091, 0.6470588235294118, 0.2, 1.0, 0.5142857142857142, 0.37142857142857144, 0.1, 0.5, 0.14285714285714285, 0.0]}, "fft_angle_3": {"bins": [-1.0, 0.26369131828699116, 0.3163576026508172, 0.3455111574987901, 0.3518834626966368, 0.37609489430862825, 0.3972969815685075, 0.4152261855626938, 0.43369375995810844, 0.4498264861362001, 0.4817658969029624, 0.5061921165619774, 0.5300442914341508, 0.537686570042086, 0.5525583371216991, 0.571845583817147, 0.5867180469785135, 0.6013429514302071, 0.6216708923640284, 0.6287456037619963, 0.6441785299023913, 0.668201637037738, 0.676055944222879, 0.6944355792950334, 0.7071678619917473, 0.7155696014272989, 0.7222609186778021, 0.7268480547851204, 0.7398693707719541, 0.7439601028490372, 0.7482064088705646, 0.7972631605172311, 0.8226957640940229, 0.9148412056886097], "rate": [0.23529411764705882, 0.0, 0.19047619047619047, 0.5555555555555556, 0.32432432432432434, 0.14814814814814814, 0.41935483870967744, 0.6944444444444444, 0.43478260869565216, 0.21621621621621623, 0.53125, 0.125, 0.4444444444444444, 0.1, 0.3103448275862069, 0.1, 0.5, 0.23333333333333334, 1.0, 0.75, 0.6756756756756757, 0.125, 0.5806451612903226, 0.9444444444444444, 0.6111111111111112, 0.9473684210526315, 0.42857142857142855, 1.0, 0.5714285714285714, 1.0, 0.7428571428571429, 0.875, 1.0]},