{"fft_real_2": {"bins": [-1.0, 0.3812483048954355, 0.41634633537712434, 0.4562417987071845, 0.49013302208948334, 0.528989348726443, 0.5382160540758002, 0.5542671300459239, 0.56635799831016, 0.5908825141205604, 0.6162035733777682, 0.6369065350969353, 0.6652418747352824, 0.6862466645318693, 0.7023207527959288, 0.7157830796874527, 0.7335699322170066, 0.74132448324805, 0.7569984768507908, 0.7754478798525388, 0.7802260176422614, 0.783637756146153, 0.8123608491722627, 0.8380380217804652, 0.9642633562037434], "rate": [0.0, 0.1111111111111111, 0.0, 0.3142857142857143, 0.1388888888888889, 0.0, 0.45, 0.0, 0.27586206896551724, 0.4375, 0.6, 0.71875, 0.9090909090909091, 0.7297297297297297, 0.8571428571428571, 1.0, 0.6842105263157895, 0.9411764705882353, 0.7142857142857143, 1.0, 0.7142857142857143, 0.8611111111111112, 1.0, 0.8947368421052632]}, "minindex": {"bins": [-1.0, 0.09896745002671357, 0.14838973358992508, 0.15, 0.24744305103602537, 0.25, 0.34844858523351757, 0.35, 0.38951250251721825, 0.4, 0.44903450015608937, 0.45, 0.5868944768784742, 1.0], "rate": [1.0, 0.9444444444444444, 0.8214285714285714, 0.9322033898305084, 0.7326732673267327, 0.8552631578947368, 0.34328358208955223, 1.0, 0.30392156862745096, 1.0, 0.02564102564102564, 0.20967741935483872, 0.0]}, "alt_stderr_min_50": {"bins": [-1.0, 0.14510734523782326, 0.1452201166293173, 0.19032771602483584, 0.1956203065279244, 0.2141269003497646, 0.23922406358306525, 0.2738458724586441, 0.3072283187400447, 0.34461731390331674, 0.3625334040342475, 0.3732551860257515, 0.3856621495101271, 0.4003301491548546, 0.4149885177191983, 0.4259053484892355, 0.45381897669471455, 0.4616366312480174, 0.4674450896117193, 0.4861460798377606, 0.49927390062829086, 0.5062635178218503, 0.5374498688538127, 0.5594800575890242, 0.5830822899100642, 0.5876508929498053, 0.6066723436244885, 0.6256787781375501, 0.6758022858301197, 0.9934757364301569], "rate": [1.0, 0.0, 0.9824561403508771, 0.3333333333333333, 0.9166666666666666, 1.0, 0.8518518518518519, 0.5, 0.8387096774193549, 0.7333333333333333, 0.2857142857142857, 0.8888888888888888, 0.47619047619047616, 0.7407407407407407, 0.10526315789473684, 0.4827586206896552, 0.0, 0.75, 0.16666666666666666, 0.5294117647058824, 0.2, 0.4375, 0.04, 0.35, 0.15384615384615385, 0.0625, 0.04, 0.03571428571428571, 0.0]}, "alt_rvalue_min_50": {"bins": [-1.0, 0.3937503416107555, 0.3994487399583856, 0.41378275204681125, 0.416637130073218, 0.4166372998988327, 0.43297481086656664, 0.4464854928689437, 0.4555521288818839, 0.4745501162704535, 0.48247535929533825, 0.4882806826899137, 0.5168573111897197, 0.5357030181268897, 0.5599618538575166, 0.57131790883235, 0.5971629908217179, 0.6068098189087681, 0.6184986313100537, 0.6646182736472065, 0.6824904470043581, 0.7057103418782962, 0.7246100429399277, 0.7400442496875703, 0.7716967134356326, 0.826554857139732, 0.8486718739902994, 0.883998501849271, 0.9200448900482784, 1.0], "rate": [0.0, 0.3, 0.037037037037037035, 0.0, 0.1111111111111111, 0.37037037037037035, 0.07692307692307693, 0.4375, 0.043478260869565216, 0.4, 0.0, 0.2972972972972973, 0.13333333333333333, 0.4166666666666667, 0.9230769230769231, 0.375, 0.8461538461538461, 0.375, 0.7058823529411765, 0.875, 0.3333333333333333, 0.8888888888888888, 1.0, 0.8611111111111112, 0.7428571428571429, 0.9166666666666666, 1.0, 0.7692307692307693, 1.0]}, "lumpiness": {"bins": [-0.9996428281064499, 0.008790435213505277, 0.0113425081068069, 0.016114972574419878, 0.0186713047756903, 0.0267986913750651, 0.0288408884311307, 0.0357643232516688, 0.04572721639236724, 0.0550289561115622, 0.06636473886281966, 0.0728799082984468, 0.0922375911063588, 0.10133940013606307, 0.1219449761871581, 0.1502755645629972, 0.1613392741272722, 0.2038564950955509, 0.23442683346739351, 0.2880173551287155, 0.3038437527218049, 0.3898789088224603, 0.4474805894756551, 1.0], "rate": [1.0, 0.8260869565217391, 1.0, 0.7, 0.9411764705882353, 0.125, 0.85, 0.625, 0.3783783783783784, 0.71875, 0.2777777777777778, 0.696969696969697, 0.5384615384615384, 0.27586206896551724, 0.5, 0.75, 0.11428571428571428, 0.35714285714285715, 0.027777777777777776, 0.5, 0.0, 0.10526315789473684, 0.0]}, "erbc_num10_focus2": {"bins": [-1.0, 0.2464247918804206, 0.3085092987833507, 0.33456380726455476, 0.3430488188381727, 0.3580997845102668, 0.368505320966028, 0.3761914846889187, 0.3819227379723904, 0.3916256760235663, 0.3980400405373219, 0.4059644786040744, 0.4105383663962671, 0.417441452263527, 0.4269178674756824, 0.4400399987990983, 0.4454101788169482, 0.4597659604888943, 0.46520124719874123, 0.4812409667675378, 0.4851144915813075, 0.4970061932893936, 0.5018277065319433, 0.5219753704104688, 0.5290477714081149, 0.5464894761674096, 0.5720507629190174, 0.6038738394834539, 1.0], "rate": [0.6153846153846154, 0.9310344827586207, 0.8125, 0.5, 0.8181818181818182, 0.85, 1.0, 0.7272727272727273, 0.9032258064516129, 1.0, 0.75, 0.47058823529411764, 1.0, 0.6, 0.8181818181818182, 0.3333333333333333, 0.5161290322580645, 0.7333333333333333, 0.4594594594594595, 1.0, 0.4642857142857143, 0.2777777777777778, 0.06896551724137931, 0.38461538461538464, 0.0, 0.23529411764705882, 0.03571428571428571, 0.0]}, "fft_imag_3": {"bins": [-0.9562907071957503, 0.22814396651926622, 0.2545075131885991, 0.2789142766558492, 0.30139771464353077, 0.3042880636680081, 0.3357698041713025, 0.3676711692011342, 0.4048499006584783, 0.4162376683566857, 0.43260394581158396, 0.4458643814723929, 0.46299690025869145, 0.4808387059685284, 0.5035382262039358, 0.5238474395904676, 0.5355421439071156, 0.5415148534848022, 0.5541566426018877, 0.580999719549272, 0.6038491265882238, 0.6141491024273489, 0.6518183504914993, 0.6594873934498776, 0.6760027780235716, 0.6865308558200557, 0.7267497532781039, 0.7925377876618533, 1.0], "rate": [1.0, 0.8235294117647058, 1.0, 0.9666666666666667, 0.3333333333333333, 0.9629629629629629, 0.8571428571428571, 0.6216216216216216, 1.0, 0.7352941176470589, 0.4375, 0.6956521739130435, 0.5, 0.7222222222222222, 0.23333333333333334, 0.6333333333333333, 0.4444444444444444, 0.05263157894736842, 0.4857142857142857, 0.2571428571428571, 0.15384615384615385, 0.0, 0.3333333333333333, 0.0, 0.05555555555555555, 0.1891891891891892, 0.0625, 0.0]}}