{"fft_imag_3": {"bins": [-0.8248658622714015, 0.313217707212597, 0.3458520185559439, 0.37250164150617926, 0.3788966644751883, 0.3805230239784634, 0.39571940799617633, 0.4031873435123017, 0.41152853000273226, 0.4212614176321119, 0.43404154466665296, 0.4366072504645557, 0.4401211209131198, 0.4416026565139423, 0.4616355829847982, 0.4808387059685284, 0.4950703293033389, 0.5046997010169944, 0.5142219742948962, 0.5276492851949638, 0.5433814026222759, 0.549063304640508, 0.5690224922973758, 0.5844408166226355, 0.6071134864012193, 0.6285873205112656, 0.6418504550572425, 0.6616139273430164, 0.6686117404423746, 1.0], "rate": [0.8148148148148148, 0.8823529411764706, 1.0, 0.8888888888888888, 0.0, 0.8846153846153846, 0.6428571428571429, 1.0, 0.5, 0.8857142857142857, 0.3333333333333333, 1.0, 0.5, 0.7714285714285715, 0.39285714285714285, 0.5909090909090909, 0.8, 0.35294117647058826, 0.5806451612903226, 0.34375, 0.07142857142857142, 0.6363636363636364, 0.4, 0.23333333333333334, 0.0, 0.35294117647058826, 0.15384615384615385, 0.07142857142857142, 0.0]}, "minindex": {"bins": [-1.0, 0.15, 0.2, 0.24969004589156132, 0.25, 0.3486925136828455, 0.35, 0.4, 0.44930258020332925, 0.45, 0.5995570825487198, 0.6, 0.6971049090323393, 0.7, 1.0], "rate": [0.8939393939393939, 0.7931034482758621, 1.0, 0.52, 0.8311688311688312, 0.0784313725490196, 0.3783783783783784, 1.0, 0.18421052631578946, 0.5566037735849056, 0.1111111111111111, 0.4782608695652174, 0.0625, 0.0]}, "alt_rvalue_min_50": {"bins": [-1.0, 0.2767894289877589, 0.2826323806433161, 0.3193352872162206, 0.3565413049760128, 0.3873796646175769, 0.3967634588756404, 0.4074427233939257, 0.41663701086335875, 0.4166370342741531, 0.4166370547677053, 0.4166372998988327, 0.42638149972274325, 0.4364997467246906, 0.4527471846948911, 0.4672773691570274, 0.47959274097695354, 0.4862504245448091, 0.5203863414291904, 0.5365930814635875, 0.5599618538575166, 0.5987331287831702, 0.6520504030580175, 0.6646182736472065, 0.6899523014715047, 0.6913862349354661, 0.6993142829669371, 0.7125342747280985, 0.7375797129517602, 0.7629807079495141, 0.788912062516486, 0.826554857139732, 0.880330082579444, 0.9818295755486055], "rate": [0.0, 1.0, 0.08333333333333333, 0.3, 0.06060606060606061, 0.5, 0.03571428571428571, 0.48148148148148145, 0.05263157894736842, 1.0, 0.23529411764705882, 0.7058823529411765, 0.24242424242424243, 0.5757575757575758, 0.22727272727272727, 0.65, 0.3333333333333333, 0.13513513513513514, 0.4117647058823529, 0.08, 0.36, 0.53125, 0.7333333333333333, 0.9642857142857143, 0.0, 1.0, 0.75, 0.95, 0.6470588235294118, 0.9545454545454546, 0.7777777777777778, 1.0, 0.8181818181818182]}, "fft_angle_3": {"bins": [-1.0, 0.26197612388274183, 0.3785387341171642, 0.38959051269438466, 0.3950856600087737, 0.4065249333938579, 0.4221970781256527, 0.4408214029807209, 0.4642299304794238, 0.4746808315218444, 0.4787256711375224, 0.5046807126945038, 0.5131927526323156, 0.5242485731225944, 0.5404149229053764, 0.5542917685436277, 0.561727503212613, 0.5730904671204117, 0.5845339694440637, 0.6118164347593218, 0.6176699187406214, 0.6208464546249148, 0.6333930601891725, 0.6460972422244878, 0.6648847305858612, 0.694883985069592, 0.7121380610874326, 0.742422139636521, 0.7485545244738214, 0.7529250240449169, 0.7698356974977273, 0.7898276411578642, 0.7972631605172311, 0.8148951708969455, 0.8226957640940229, 0.9256440409133041], "rate": [0.16666666666666666, 0.0, 0.3333333333333333, 0.0, 0.3125, 0.09090909090909091, 0.5, 0.15625, 0.75, 0.0, 0.5151515151515151, 0.35714285714285715, 0.1, 0.3181818181818182, 0.38461538461538464, 0.6842105263157895, 0.35, 0.0, 0.2857142857142857, 0.75, 0.2857142857142857, 0.7692307692307693, 0.5, 0.6923076923076923, 0.3225806451612903, 0.7727272727272727, 0.9142857142857143, 0.6363636363636364, 1.0, 0.8666666666666667, 1.0, 0.8461538461538461, 1.0, 0.25, 1.0]}, "alt_stderr_min_50": {"bins": [-0.975135689517591, 0.144469000248637, 0.1452201166293173, 0.2141269003497646, 0.2539984811862883, 0.2965287055672649, 0.3208211320184049, 0.34667342002165846, 0.36471416668259105, 0.3692960680526013, 0.38440485138048885, 0.4092462545738925, 0.4188023689604178, 0.4289006349728533, 0.4528739203863521, 0.4590340764262808, 0.4658121968385494, 0.4861462151552904, 0.4993376778279394, 0.5092647877690605, 0.5140378951088211, 0.5250964634069946, 0.5413602269834062, 0.5456488648444173, 0.5641265492460458, 0.5748553479677571, 0.5832063895154146, 0.5957334702649584, 0.6215796089036968, 0.6421649080449192, 0.668203136410009, 0.7352664209839862, 1.0], "rate": [1.0, 0.0, 0.9, 0.967741935483871, 0.52, 0.65, 0.9130434782608695, 0.7777777777777778, 0.45454545454545453, 0.8666666666666667, 0.6944444444444444, 0.55, 0.3, 0.5769230769230769, 0.07692307692307693, 0.7333333333333333, 0.4444444444444444, 0.6923076923076923, 0.29411764705882354, 1.0, 0.1111111111111111, 0.7647058823529411, 0.18181818181818182, 0.46875, 0.13333333333333333, 0.75, 0.0, 0.37142857142857144, 0.0, 0.2916666666666667, 0.05555555555555555, 0.0]}, "fft_real_2": {"bins": [-0.994999070646372, 0.2288018752225075, 0.2754498449715362, 0.29321542536976813, 0.2987193900799317, 0.3301586713317535, 0.3535665735852522, 0.38183950329597754, 0.4015979830813843, 0.40275771255205334, 0.43450428937180735, 0.4533172107656201, 0.4748345854796168, 0.4871752960360931, 0.4920298461730727, 0.4943558689709404, 0.512386977257391, 0.5279551559491538, 0.5543915299186214, 0.5818917544591656, 0.5891299212414733, 0.6146638559792782, 0.6154285878833509, 0.624504950502097, 0.665646140725137, 0.6860395335006901, 0.7104682531900086, 0.7322070182396672, 0.759019714017191, 0.7705278127283264, 0.7947424768246761, 0.8045794452715335, 0.8430917074148032, 0.903281883094067], "rate": [0.0, 0.24242424242424243, 0.8571428571428571, 0.14285714285714285, 0.5757575757575758, 0.045454545454545456, 0.36363636363636365, 0.0625, 1.0, 0.4, 0.19047619047619047, 0.5, 0.6666666666666666, 0.0, 0.8571428571428571, 0.41935483870967744, 0.23529411764705882, 0.08333333333333333, 0.5454545454545454, 0.0, 0.4, 1.0, 0.3, 0.5135135135135135, 0.9166666666666666, 0.6153846153846154, 0.9473684210526315, 0.5882352941176471, 1.0, 0.8181818181818182, 0.9615384615384616, 0.8620689655172413, 1.0]}, "erbc_num10_focus4": {"bins": [-1.0, 0.2118163352420314, 0.2179431065065034, 0.30980593385618427, 0.3298085159640725, 0.3425076477062835, 0.3982926734662194, 0.4264869459953385, 0.4379582031120284, 0.4613808389831684, 0.48467707053971343, 0.4977954272171931, 0.5128221397154771, 0.5277454142365331, 0.5460080823289013, 0.5524671393034571, 0.5717683417274827, 0.5929544456504743, 0.6033705420580944, 0.6201723641888568, 0.6360410484227669, 0.6558861177073784, 0.6800981042097244, 0.6950844505945133, 0.7104960806623442, 0.7194262762230494, 0.7285143195143643, 0.7450991660100372, 0.7713703584073024, 0.7898718040484723, 0.8059536906234801, 0.836413099946245, 0.9238169958704671], "rate": [0.0, 0.75, 0.16129032258064516, 0.0, 0.4, 0.13513513513513514, 0.42857142857142855, 0.625, 0.125, 0.3793103448275862, 0.06666666666666667, 0.5625, 0.15, 0.5172413793103449, 0.16666666666666666, 0.5833333333333334, 0.3333333333333333, 0.8, 0.35294117647058826, 0.6363636363636364, 0.3125, 0.6176470588235294, 0.8928571428571429, 0.7096774193548387, 0.45, 0.8571428571428571, 0.6111111111111112, 0.9333333333333333, 0.8378378378378378, 0.5714285714285714, 0.7586206896551724, 1.0]}, "retindex": {"bins": [-0.875, 0.375, 0.4583333333333333, 0.49873112646076667, 0.5, 0.5833333333333334, 0.625, 0.665504300338882, 0.6666666666666666, 0.7493470597645051, 0.7916666666666666, 0.8333333333333334, 0.875, 0.9166666666666666, 0.9583333333333334, 0.996869578958006, 1.0], "rate": [0.4666666666666667, 0.8666666666666667, 1.0, 0.0, 0.6382978723404256, 0.6875, 1.0, 0.3157894736842105, 0.7078651685393258, 0.14516129032258066, 0.4642857142857143, 0.38636363636363635, 0.3404255319148936, 0.38181818181818183, 1.0, 0.23972602739726026]},