{
    "S_down": [
        2.6381,
        147.3443,
        43.2728,
        78.0491
    ],
    "maxvalue": [
        15.6435,
        43.6488,
        28.705,
        35.2717
    ],
    "range1": [
        0.8262,
        14.9073,
        6.5281,
        9.975
    ],
    "range2": [
        1.4999,
        11.2804,
        4.7563,
        7.087
    ],
    "dmq": [
        27.81275268,
        623.6147441,
        138.3055326,
        300.1060017
    ],
    "V_sum": [
        0.189872727,
        1.225565517,
        0.618345684,
        0.837303571
    ],
    "S_ret": [
        0.0,
        160.3483,
        54.9988,
        92.2368
    ],
    "curvature": [
        41.55844339,
        208.1847242,
        91.59001088,
        130.5457991
    ],
    "alt_stderr_mean_5": [
        0.008072933,
        0.129165357,
        0.055083459,
        0.087397403
    ],
    "alt_rvalue_min_50": [
        0.765525501,
        0.999996978,
        0.866018983,
        0.925384492
    ],
    "V1": [
        0.151362857,
        0.816385714,
        0.4175,
        0.55624375
    ],
    "V2": [
        0.0,
        0.471065217,
        0.183530769,
        0.287021429
    ],
    "stability": [
        0.218262233,
        17.97583866,
        3.468668231,
        8.550099017
    ],
    "std": [
        0.491747608,
        4.632684044,
        2.101229149,
        3.214873323
    ],
    "level_shift_size": [
        0.057175,
        0.69771,
        0.332175,
        0.503905
    ],
    "var": [
        0.24181571,
        21.46176145,
        4.415163939,
        10.33541048
    ],
    "dnp": [
        8.72e-05,
        0.115223289,
        0.014293953,
        0.048247696
    ],
    "fft_abs_1": [
        28.00322287,
        332.4253843,
        129.7943851,
        214.2200138
    ],
    "F1": [
        4,
        29,
        14,
        20
    ],
    "asoc": [
        5.1148,
        35.8428,
        15.9582,
        22.9536
    ],
    "F2": [
        14,
        36,
        23,
        28
    ],
    "erbc_num10_focus4": [
        0.050309366,
        0.10588745100000001,
        0.072501689,
        0.08919457
    ],
    "erbc_num10_focus2": [
        0.08416139,
        0.136847285,
        0.104493901,
        0.115436528
    ],
    "maxindex": [
        28,
        33,
        30,
        31
    ],
    "minang": [
        2.06337038,
        2.912859105,
        2.359015834,
        2.550615793
    ],
    "fft_imag_3": [
        -5.649566916,
        109.6207571,
        31.99205676,
        59.71481649
    ],
    "fft_imag_6": [
        -21.78681826,
        18.3945575,
        -5.275639325,
        3.387907299
    ],
    "fft_abs_22": [
        0.030702499,
        5.056151064,
        0.867553061,
        2.281954081
    ],
    "lumpiness": [
        0.000704,
        5.242081778,
        0.195630195,
        1.881450257
    ],
    "minindex": [
        38,
        62,
        44,
        50
    ],
    "alt_stderr_max_10": [
        0.016705418,
        0.331028786,
        0.125469918,
        0.204407641
    ],
    "retvalue": [
        14.8999,
        42.1281,
        26.5,
        32.5
    ],
    "sumang": [
        5.668763295,
        7.104192776,
        6.204790897,
        6.511778763
    ],
    "mac": [
        0.041248387,
        0.289054839,
        0.128695161,
        0.185109677
    ],
    "S": [
        84.7395,
        690.0319,
        330.4456,
        454.1301
    ],
    "retang": [
        2.705136091,
        3.098255136,
        2.884876581,
        2.983004954
    ],
    "S_low": [
        30.6266,
        276.4511,
        106.7841,
        163.8913
    ],
    "retindex": [
        58,
        79,
        70,
        76
    ],
    "S_sum": [
        116.5516367,
        987.3462203,
        438.5816045,
        623.3173066
    ],
    "alt_stderr_min_5": [
        0.009175039,
        0.1543591,
        0.059148536,
        0.092515792
    ],
    "minvalue": [
        8.8231,
        37.9999,
        19.9999,
        26.1
    ],
    "alt_stderr_mean_10": [
        0.020745811,
        0.348781433,
        0.14564697,
        0.234074334
    ],
    "swd_coeff_2": [
        6.176835997,
        1261.987456,
        213.4925545,
        567.9462744
    ],
    "std1st_der": [
        0.066689324,
        0.436721117,
        0.207559816,
        0.290650505
    ],
    "cv": [
        0.016269906,
        0.185105199,
        0.074379267,
        0.114496641
    ],
    "fft_angle_2": [
        -148.3068879,
        -59.20761524,
        -116.1183259,
        -96.84883668
    ],
    "maxang": [
        2.398707535,
        2.973019559,
        2.618512984,
        2.737367133
    ],
    "fft_real_2": [
        -135.8732846,
        36.57984825,
        -57.63165053,
        -10.52590114
    ],
    "fft_real_5": [
        -18.95579662,
        25.69586087,
        -0.68682035,
        9.003800302
    ],
    "alt_stderr_min_50": [
        0.001905256,
        3.460406573,
        1.159117268,
        2.094742247
    ],
    "alt_stderr_max_5": [
        0.006931338,
        0.122829429,
        0.050949107,
        0.082305607
    ],
    "fft_angle_3": [
        57.77092262,
        179.7396795,
        112.2062833,
        143.0652121
    ]
}