{"S_down": [1.75884688, 145.7076136, 44.47784295, 84.44711327], "maxvalue": [15.68746624, 43.77175318, 28.63333155, 35.19319712], "range1": [0.704396538, 13.38848062, 6.524962755, 9.899946008], "range2": [1.499999855, 10.0844182, 4.559405879, 6.449972499], "dmq": [0.966208655, 113.6418168, 26.49958079, 57.6571724], "V_sum": [0.230553622, 1.095989514, 0.579121659, 0.763652529], "S_ret": [10.41089006, 163.9491651, 58.48011095, 95.1405328], "curvature": [46.16894861, 209.1907801, 91.46261479, 130.7594887], "alt_stderr_mean_5": [0.007407655, 0.128095097, 0.05557646, 0.088283085], "alt_rvalue_min_50": [0.770345813, 0.999993149, 0.866025397, 0.92912082], "V1": [0.140879308, 0.784699698, 0.394959787, 0.524999047], "V2": [0.044228662, 0.378301919, 0.174998063, 0.243634999], "stability": [0.218932633, 18.23994501, 3.541933792, 8.778755507], "std": [0.472115, 4.573664734, 2.089421895, 3.163033888], "level_shift_size": [0.049999984, 0.669358745, 0.329507595, 0.499074123], "var": [0.222892574, 20.9184091, 4.365683857, 10.00478338], "dnp": [9.07e-05, 0.090347043, 0.013828361, 0.039608947], "fft_abs_1": [27.94323126, 369.5061535, 132.1111367, 222.8684578], "F1": [5, 30, 15, 21], "asoc": [6.003475309, 31.26056507, 15.65608855, 21.48124095], "F2": [14, 36, 24, 29], "erbc_num10_focus4": [0.050875065, 0.10462811, 0.073506712, 0.089506778], "erbc_num10_focus2": [0.083989992, 0.134836962, 0.104035127, 0.114320649], "maxindex": [27, 32, 29, 30], "minang": [2.114588685, 2.895986157, 2.422778204, 2.583449603], "fft_imag_3": [-15.1146756, 90.09423731, 29.4324307, 54.10446375], "fft_imag_6": [-20.94816742, 16.56990138, -6.122955241, 1.795979436], "fft_abs_22": [0.024530824, 4.595098737, 0.847835719, 2.105043083], "lumpiness": [0.000296, 3.715053583, 0.187283259, 1.388950639], "minindex": [39, 59, 44, 50], "alt_stderr_max_10": [0.016473564, 0.3243065, 0.127961686, 0.210363685], "retvalue": [14.69997311, 41.94997314, 25.94997261, 31.94997274], "sumang": [5.83697202, 7.049152643, 6.322849686, 6.568553552], "mac": [0.048415123, 0.252101331, 0.126258779, 0.173235814], "S": [99.36423379, 655.2255798, 326.5490704, 443.382116], "retang": [2.836644711, 3.099354661, 2.945699603, 3.003694933], "S_low": [23.81942921, 269.3866935, 112.5924837, 175.4617556], "retindex": [55, 79, 70, 78], "S_sum": [91.86478646, 882.3214023, 444.0494976, 628.9551678], "alt_stderr_min_5": [0.008128787, 0.13448872, 0.059740273, 0.093270072], "minvalue": [9.979504246, 38.82511933, 19.99999995, 26.29234326], "alt_stderr_mean_10": [0.019374464, 0.41244123, 0.146893949, 0.238080811], "swd_coeff_2": [5.576804057, 1087.062657, 209.4785026, 524.6132202], "std1st_der": [0.066572909, 0.389677405, 0.202214119, 0.271911971], "cv": [0.015614734, 0.190752531, 0.074311718, 0.113206033], "fft_angle_2": [-138.8847905, -56.36004788, -116.2539994, -96.1793463], "maxang": [2.45578527, 2.97768312, 2.646933254, 2.757328125], "fft_real_2": [-108.0039609, 33.53963029, -55.34960605, -8.998279754], "fft_real_5": [-15.43324935, 22.0158669, -1.202244949, 6.676385617], "alt_stderr_min_50": [0.003686757, 3.462218706, 1.165415834, 2.10188244], "alt_stderr_max_5": [0.00668768, 0.144735484, 0.051707343, 0.083237744], "fft_angle_3": [74.1762466, 179.7406766, 119.3570562, 146.4043123]}